[
	{ "178631.png": "https://hvqxpztrzzduvxiisssg.supabase.co/storage/v1/object/sign/images/178631.png?token=eyJraWQiOiJzdG9yYWdlLXVybC1zaWduaW5nLWtleV8xNzVhMzcwYS1mMDdhLTQwY2EtOGQxMS1lNWIwZDc3YTVmM2QiLCJhbGciOiJIUzI1NiJ9.eyJ1cmwiOiJpbWFnZXMvMTc4NjMxLnBuZyIsImlhdCI6MTc1MDgxMzY4NywiZXhwIjoxNzgyMzQ5Njg3fQ._H5edOLqmA1U8mq4X5mLX43ULfO7cbu7FMe6rewKDUc" },
	{ "191880.png": "https://hvqxpztrzzduvxiisssg.supabase.co/storage/v1/object/sign/images/191880.png?token=eyJraWQiOiJzdG9yYWdlLXVybC1zaWduaW5nLWtleV8xNzVhMzcwYS1mMDdhLTQwY2EtOGQxMS1lNWIwZDc3YTVmM2QiLCJhbGciOiJIUzI1NiJ9.eyJ1cmwiOiJpbWFnZXMvMTkxODgwLnBuZyIsImlhdCI6MTc1MDgxMzY4NywiZXhwIjoxNzgyMzQ5Njg3fQ.RR2jAxk_-nlPENC3c53FxGqtKdv8cG5WiDVGvL0JQdc" },
	{ "245726.png": "https://hvqxpztrzzduvxiisssg.supabase.co/storage/v1/object/sign/images/245726.png?token=eyJraWQiOiJzdG9yYWdlLXVybC1zaWduaW5nLWtleV8xNzVhMzcwYS1mMDdhLTQwY2EtOGQxMS1lNWIwZDc3YTVmM2QiLCJhbGciOiJIUzI1NiJ9.eyJ1cmwiOiJpbWFnZXMvMjQ1NzI2LnBuZyIsImlhdCI6MTc1MDgxMzY4NywiZXhwIjoxNzgyMzQ5Njg3fQ.PGFkA3hGSlSSYvw9YJqJa9R6r9B3JqRq3LEqSvi0jX4" },
	{ "257609.png": "https://hvqxpztrzzduvxiisssg.supabase.co/storage/v1/object/sign/images/257609.png?token=eyJraWQiOiJzdG9yYWdlLXVybC1zaWduaW5nLWtleV8xNzVhMzcwYS1mMDdhLTQwY2EtOGQxMS1lNWIwZDc3YTVmM2QiLCJhbGciOiJIUzI1NiJ9.eyJ1cmwiOiJpbWFnZXMvMjU3NjA5LnBuZyIsImlhdCI6MTc1MDgxMzY4NywiZXhwIjoxNzgyMzQ5Njg3fQ.EgiRB7Wd7EavAPbhXs79CD8PZYwb6eHBI7OsH0ATvqg" },
	{ "265178.png": "https://hvqxpztrzzduvxiisssg.supabase.co/storage/v1/object/sign/images/265178.png?token=eyJraWQiOiJzdG9yYWdlLXVybC1zaWduaW5nLWtleV8xNzVhMzcwYS1mMDdhLTQwY2EtOGQxMS1lNWIwZDc3YTVmM2QiLCJhbGciOiJIUzI1NiJ9.eyJ1cmwiOiJpbWFnZXMvMjY1MTc4LnBuZyIsImlhdCI6MTc1MDgxMzY4NywiZXhwIjoxNzgyMzQ5Njg3fQ.Lxg-vO8MMowACuZ4OjciV9rdNrSN2AHKcrMEKv3p9X0" },
	{ "323324.png": "https://hvqxpztrzzduvxiisssg.supabase.co/storage/v1/object/sign/images/323324.png?token=eyJraWQiOiJzdG9yYWdlLXVybC1zaWduaW5nLWtleV8xNzVhMzcwYS1mMDdhLTQwY2EtOGQxMS1lNWIwZDc3YTVmM2QiLCJhbGciOiJIUzI1NiJ9.eyJ1cmwiOiJpbWFnZXMvMzIzMzI0LnBuZyIsImlhdCI6MTc1MDgxMzY4NywiZXhwIjoxNzgyMzQ5Njg3fQ.8tfspreUSnlBoHPWBBbDY01P60_girJeDYpAawQUNGw" },
	{ "330628.png": "https://hvqxpztrzzduvxiisssg.supabase.co/storage/v1/object/sign/images/330628.png?token=eyJraWQiOiJzdG9yYWdlLXVybC1zaWduaW5nLWtleV8xNzVhMzcwYS1mMDdhLTQwY2EtOGQxMS1lNWIwZDc3YTVmM2QiLCJhbGciOiJIUzI1NiJ9.eyJ1cmwiOiJpbWFnZXMvMzMwNjI4LnBuZyIsImlhdCI6MTc1MDgxMzY4NywiZXhwIjoxNzgyMzQ5Njg3fQ.daV1mKSbHZ_v-7wBWVr0fv3j-2bDAP0uVs0rJ_5LfrM" },
	{ "438553.png": "https://hvqxpztrzzduvxiisssg.supabase.co/storage/v1/object/sign/images/438553.png?token=eyJraWQiOiJzdG9yYWdlLXVybC1zaWduaW5nLWtleV8xNzVhMzcwYS1mMDdhLTQwY2EtOGQxMS1lNWIwZDc3YTVmM2QiLCJhbGciOiJIUzI1NiJ9.eyJ1cmwiOiJpbWFnZXMvNDM4NTUzLnBuZyIsImlhdCI6MTc1MDgxMzY4NywiZXhwIjoxNzgyMzQ5Njg3fQ.3RPWGlkfisj9qA4SsZS4C5Qv014lDkMtoJIJKK3E-lg" },
	{ "543152.png": "https://hvqxpztrzzduvxiisssg.supabase.co/storage/v1/object/sign/images/543152.png?token=eyJraWQiOiJzdG9yYWdlLXVybC1zaWduaW5nLWtleV8xNzVhMzcwYS1mMDdhLTQwY2EtOGQxMS1lNWIwZDc3YTVmM2QiLCJhbGciOiJIUzI1NiJ9.eyJ1cmwiOiJpbWFnZXMvNTQzMTUyLnBuZyIsImlhdCI6MTc1MDgxMzY4NywiZXhwIjoxNzgyMzQ5Njg3fQ.CrVKqRqTT0R-S27zp6lOdxqzi3v8f5nna25N3eLmmHY" },
	{ "652132.png": "https://hvqxpztrzzduvxiisssg.supabase.co/storage/v1/object/sign/images/652132.png?token=eyJraWQiOiJzdG9yYWdlLXVybC1zaWduaW5nLWtleV8xNzVhMzcwYS1mMDdhLTQwY2EtOGQxMS1lNWIwZDc3YTVmM2QiLCJhbGciOiJIUzI1NiJ9.eyJ1cmwiOiJpbWFnZXMvNjUyMTMyLnBuZyIsImlhdCI6MTc1MDgxMzY4NywiZXhwIjoxNzgyMzQ5Njg3fQ.BaF0bFHCBIqFyodGa3a59qh0EE65D0bz1BGkl_U_JXc" },
	{ "692159.png": "https://hvqxpztrzzduvxiisssg.supabase.co/storage/v1/object/sign/images/692159.png?token=eyJraWQiOiJzdG9yYWdlLXVybC1zaWduaW5nLWtleV8xNzVhMzcwYS1mMDdhLTQwY2EtOGQxMS1lNWIwZDc3YTVmM2QiLCJhbGciOiJIUzI1NiJ9.eyJ1cmwiOiJpbWFnZXMvNjkyMTU5LnBuZyIsImlhdCI6MTc1MDgxMzY4NywiZXhwIjoxNzgyMzQ5Njg3fQ.pKxTFJIyvAhPXSnhj3STURwBCFrpqHyspDm5vCrMB5A" },
	{ "782699.png": "https://hvqxpztrzzduvxiisssg.supabase.co/storage/v1/object/sign/images/782699.png?token=eyJraWQiOiJzdG9yYWdlLXVybC1zaWduaW5nLWtleV8xNzVhMzcwYS1mMDdhLTQwY2EtOGQxMS1lNWIwZDc3YTVmM2QiLCJhbGciOiJIUzI1NiJ9.eyJ1cmwiOiJpbWFnZXMvNzgyNjk5LnBuZyIsImlhdCI6MTc1MDgxMzY4NywiZXhwIjoxNzgyMzQ5Njg3fQ.YTYnSgJM2kOUgrxnBS-gIfYBrL-MWu1qMGP_VwO4vIo" },
	{ "850550.png": "https://hvqxpztrzzduvxiisssg.supabase.co/storage/v1/object/sign/images/850550.png?token=eyJraWQiOiJzdG9yYWdlLXVybC1zaWduaW5nLWtleV8xNzVhMzcwYS1mMDdhLTQwY2EtOGQxMS1lNWIwZDc3YTVmM2QiLCJhbGciOiJIUzI1NiJ9.eyJ1cmwiOiJpbWFnZXMvODUwNTUwLnBuZyIsImlhdCI6MTc1MDgxMzY4NywiZXhwIjoxNzgyMzQ5Njg3fQ.lMbHgIckk_QM4e6eVkl7TzhedYyNzuzoauDg0Ws4dmU" },
	{ "933404.png": "https://hvqxpztrzzduvxiisssg.supabase.co/storage/v1/object/sign/images/933404.png?token=eyJraWQiOiJzdG9yYWdlLXVybC1zaWduaW5nLWtleV8xNzVhMzcwYS1mMDdhLTQwY2EtOGQxMS1lNWIwZDc3YTVmM2QiLCJhbGciOiJIUzI1NiJ9.eyJ1cmwiOiJpbWFnZXMvOTMzNDA0LnBuZyIsImlhdCI6MTc1MDgxMzY4NywiZXhwIjoxNzgyMzQ5Njg3fQ.X1MbuQngwsGK4GXbmqUYHnJE7hCCgyR9sBWWHoAC1ao" },
	{ "948930.png": "https://hvqxpztrzzduvxiisssg.supabase.co/storage/v1/object/sign/images/948930.png?token=eyJraWQiOiJzdG9yYWdlLXVybC1zaWduaW5nLWtleV8xNzVhMzcwYS1mMDdhLTQwY2EtOGQxMS1lNWIwZDc3YTVmM2QiLCJhbGciOiJIUzI1NiJ9.eyJ1cmwiOiJpbWFnZXMvOTQ4OTMwLnBuZyIsImlhdCI6MTc1MDgxMzY4NywiZXhwIjoxNzgyMzQ5Njg3fQ.Ouk2vp5nO5gvU_WAXPm8AdxAJB75m2oFTkcZWHkNhLM" }
]